Cluster,Pengeluaran_Buah,Pengeluaran_Sayur
0,12265.885167464114,15813.181818181818
1,7143.057046979866,13296.164429530201
2,12093.285714285714,55512.428571428565
